PMID;First Author;Publication Date;Title; ;DOI;classification
38629574;Hou Y;2024 Dec;Evolution of H7N9 highly pathogenic avian influenza virus in the context of vaccination.;"Human infections with the H7N9 influenza virus have been eliminated in China through vaccination of poultry; however, the H7N9 virus has not yet been eradicated from poultry. Carefully analysis of H7N9 viruses in poultry that have sub-optimal immunity may provide a unique opportunity to witness the evolution of highly pathogenic avian influenza virus in the context of vaccination. Between January 2020 and June 2023, we isolated 16 H7N9 viruses from samples we collected during surveillance and samples that were sent to us for disease diagnosis. Genetic analysis indicated that these viruses belonged to a single genotype previously detected in poultry. Antigenic analysis indicated that 12 of the 16 viruses were antigenically close to the H7-Re4 vaccine virus that has been used since January 2022, and the other four viruses showed reduced reactivity with the vaccine. Animal studies indicated that all 16 viruses were nonlethal in mice, and four of six viruses showed reduced virulence in chickens upon intranasally inoculation. Importantly, the H7N9 viruses detected in this study exclusively bound to the avian-type receptors, having lost the capacity to bind to human-type receptors. Our study shows that vaccination slows the evolution of H7N9 virus by preventing its reassortment with other viruses and eliminates a harmful characteristic of H7N9 virus, namely its ability to bind to human-type receptors.";10.1080/22221751.2024.2343912;0
30952584;Andronico A;2019 Sep;Highly pathogenic avian influenza H5N8 in south-west France 2016-2017: A modeling study of control strategies.;In the winter 2016-2017 the largest epidemic of highly pathogenic avian influenza (HPAI) ever recorded in the European Union spread to all 28 member states. France was hit particularly hard and reported a total of 484 infected premises (IPs) by March 2017. We developed a mathematical model to analyze the spatiotemporal evolution of the epidemic and evaluate the impact of control strategies. We estimated that farms rearing ducks were on average 2.5 times more infectious and 5.0 times more susceptible to HPAI than farms rearing other avian species. The implementation of surveillance zones around IPs reduced transmission by a factor of 1.8 on average. Compared to the strengthening of pre-emptive culling measures enforced by French authorities in February 2017, we found that a faster depopulation of diagnosed IPs would have had a larger impact on the total number of infections. For example, halving the time delay from detection to slaughter of infected animals would have reduced the total number of IPs by 52% and total cull numbers by 50% on average. This study showcases the possible contribution of modeling to inform and optimize control strategies during an outbreak.;10.1016/j.epidem.2019.03.006;1
30212472;Hill EM;2018 Sep;The impact of surveillance and control on highly pathogenic avian influenza outbreaks in poultry in Dhaka division, Bangladesh.;In Bangladesh, the poultry industry is an economically and socially important sector, but it is persistently threatened by the effects of H5N1 highly pathogenic avian influenza. Thus, identifying the optimal control policy in response to an emerging disease outbreak is a key challenge for policy-makers. To inform this aim, a common approach is to carry out simulation studies comparing plausible strategies, while accounting for known capacity restrictions. In this study we perform simulations of a previously developed H5N1 influenza transmission model framework, fitted to two separate historical outbreaks, to assess specific control objectives related to the burden or duration of H5N1 outbreaks among poultry farms in the Dhaka division of Bangladesh. In particular, we explore the optimal implementation of ring culling, ring vaccination and active surveillance measures when presuming disease transmission predominately occurs from premises-to-premises, versus a setting requiring the inclusion of external factors. Additionally, we determine the sensitivity of the management actions under consideration to differing levels of capacity constraints and outbreaks with disparate transmission dynamics. While we find that reactive culling and vaccination policies should pay close attention to these factors to ensure intervention targeting is optimised, across multiple settings the top performing control action amongst those under consideration were targeted proactive surveillance schemes. Our findings may advise the type of control measure, plus its intensity, that could potentially be applied in the event of a developing outbreak of H5N1 amongst originally H5N1 virus-free commercially-reared poultry in the Dhaka division of Bangladesh.;10.1371/journal.pcbi.1006439;1
37853425;Lambert S;2023 Oct 18;A systematic review of mechanistic models used to study avian influenza virus transmission and control.;The global spread of avian influenza A viruses in domestic birds is causing increasing socioeconomic devastation. Various mechanistic models have been developed to better understand avian influenza transmission and evaluate the effectiveness of control measures in mitigating the socioeconomic losses caused by these viruses. However, the results of models of avian influenza transmission and control have not yet been subject to a comprehensive review. Such a review could help inform policy makers and guide future modeling work. To help fill this gap, we conducted a systematic review of the mechanistic models that have been applied to field outbreaks. Our three objectives were to: (1) describe the type of models and their epidemiological context, (2) list estimates of commonly used parameters of low pathogenicity and highly pathogenic avian influenza transmission, and (3) review the characteristics of avian influenza transmission and the efficacy of control strategies according to the mechanistic models. We reviewed a total of 46 articles. Of these, 26 articles estimated parameters by fitting the model to data, one evaluated the effectiveness of control strategies, and 19 did both. Values of the between-individual reproduction number ranged widely: from 2.18 to 86 for highly pathogenic avian influenza viruses, and from 4.7 to 45.9 for low pathogenicity avian influenza viruses, depending on epidemiological settings, virus subtypes and host species. Other parameters, such as the durations of the latent and infectious periods, were often taken from the literature, limiting the models' potential insights. Concerning control strategies, many models evaluated culling (n = 15), while vaccination received less attention (n = 6). According to the articles reviewed, optimal control strategies varied between virus subtypes and local conditions, and depended on the overall objective of the intervention. For instance, vaccination was optimal when the objective was to limit the overall number of culled flocks. In contrast, pre-emptive culling was preferred for reducing the size and duration of an epidemic. Early implementation consistently improved the overall efficacy of interventions, highlighting the need for effective surveillance and epidemic preparedness.;10.1186/s13567-023-01219-0;0
40303158;An Q;2024;Spatial and Temporal Characteristic Analysis and Risk Assessment of Global Highly Pathogenic Avian Influenza H5N8 Subtype.;H5N8 HPAI is a highly infectious avian disease that now poses a serious threat and potential risk to poultry farming, wild birds, and public health. In this study, to investigate the seasonality and transmission directionality of global H5N8 HPAI, the spatial and temporal analysis of H5N8 HPAI was conducted using time series decomposition and directional distribution analysis. An ecological niche model was developed for H5N8 HPAI in poultry to identify areas at high risk of H5N8 HPAI in poultry and associated risk factors. The results indicated that three global pandemics of H5N8 HPAI emerged from 2014 to 2022, all showing a southeast-northwest distribution direction. H5N8 HPAI occurred more frequently in winter and less frequently in summer. The southwestern border region and the southeastern region of North America, the southern region of South America, most of Europe, the southern border region and the northern border region of Africa, and the southwestern region and the southeastern region of Asia provide the suitable environment for the occurrence of H5N8 HPAI in poultry. Chicken density, duck density, population density, bio1 (annual mean temperature), and land cover were considered important variables for the occurrence of H5N8 HPAI in poultry. This study can help optimize the use of resources and provide new information for policymakers to carry out prevention and control efforts.;10.1155/2024/5571668;0
27729175;Sitaras I;2016 Nov 4;Mutations in the haemagglutinin protein and their effect in transmission of highly pathogenic avian influenza (HPAI) H5N1 virus in sub-optimally vaccinated chickens.;BACKGROUND: Transmission of highly pathogenic avian influenza (HPAI) viruses in poultry flocks is associated with huge economic losses, culling of millions of birds, as well as human infections and deaths. In the cases where vaccination against avian influenza is used as a control measure, it has been found to be ineffective in preventing transmission of field strains. Reports suggest that one of the reasons for this is the use of vaccine doses much lower than the ones recommended by the manufacturer, resulting in very low levels of immunity. In a previous study, we selected for immune escape mutants using homologous polyclonal sera and used them as vaccines in transmission experiments. We concluded that provided a threshold of immunity is reached, antigenic distance between vaccine and challenge strains due to selection need not result in vaccine escape. Here, we evaluate the effect that the mutations in the haemagglutinin protein of our most antigenically-distant mutant may have in the transmission efficiency of this mutant to chickens vaccinated against the parent strain, under sub-optimal vaccination conditions resembling those often found in the field. METHODS: In this study we employed reverse genetics techniques and transmission experiments to examine if the HA mutations of our most antigenically-distant mutant affect its efficiency to transmit to vaccinated chickens. In addition, we simulated sub-optimal vaccination conditions in the field, by using a very low vaccine dose. RESULTS: We find that the mutations in the HA protein of our most antigenically-distant mutant are not enough to allow it to evade even low levels of vaccination-induced immunity. DISCUSSION: Our results suggest that - for the antigenic distances we investigated - vaccination can reduce transmission of an antigenically-distant strain compared to the unvaccinated groups, even when low vaccine doses are used, resulting in low levels of immunity.;10.1016/j.vaccine.2016.10.002;0
22312986;Molia S;2011 Dec;Avian influenza and Newcastle disease in three risk areas for H5N1 highly pathogenic avian influenza in Mali, 2007-2008.;Our survey aimed to investigate avian influenza (AI) and Newcastle disease (ND) prevalence and risk factors in three areas of Mali at risk for occurrence of H5N1 highly pathogenic avian influenza. Blood samples and cloacal and oropharyngeal swabs were collected from 1470 birds between February 2007 and May 2008 and were tested by commercial enzyme-linked immunosorbent assay to detect antibodies and real-time reverse-transcription (rRT)-PCR to detect virus. Risk factors associated with seropositivity or positive rRT-PCR were identified by random effect logistic regression. AI seroprevalence was significantly lower in birds from commercial farms (0%) than in village backyard birds (3.1%). For backyard birds, no individual risk factors (species, age, sex) were identified, but birds in the Mopti area in the Sahelian zone, where millions of wild birds migrate, were more seropositive than in the Sikasso area in the Sudano-Guinean zone (odds ratio [OR] = 2.0, P = 0.051). Among backyard birds nonvaccinated against ND, ND seroprevalence was 58.4%, and the odds of seropositivity was 2.0 higher in chickens than in ducks, 1.7 higher in females than in males, 3.1 higher in adults than in young birds, and 3.0 higher in poultry from the Sikasso area than from the Mopti area (P < 0.01 in all cases). Prevalence established by rRT-PCR was low for both AI virus (1.1%) and ND virus (2.6%) and was associated with no risk factors for AI but was higher in chickens than in ducks (OR = 5.3, P = 0.05) and in the Sikasso area than in the Mopti area (OR = 3.4, P = 0.027) for ND. For AI and ND, prevalence assessed by serology or rRT-PCR varied over time, although seasonal and interannual variation could not be clearly distinguished. The intracluster correlation coefficient for serologic data was low for AI (0.014) and higher for ND (0.222). These results are useful to optimize surveillance and control strategy for notifiable avian diseases in African countries with similar agroecological and resource-limited contexts.;10.1637/9775-050911-Reg.1;0
25635701;Abdelwhab EM;2015;Epidemiology, ecology and gene pool of influenza A virus in Egypt: will Egypt be the epicentre of the next influenza pandemic?;Outside Asia, Egypt is considered to be an influenza H5N1 epicentre and presents a far greater pandemic risk than other countries. The long-term endemicity of H5N1 and the recent emergence of H9N2 in poultry call attention to the need for unravelling the epidemiology, ecology and highly diverse gene pool of influenza A virus (IAV) in Egypt which is the aim of this review. Isolation of a considerable number of IAV subtypes from several avian and mammalian hosts was described. Co-infections of poultry with H5N1 and H9N2 and subclinical infections of pigs and humans with H1N1 and H5N1 may raise the potential for the reassortment of these viruses. Moreover, the adjustment of IAV genomes, particularly H5N1, to optimize their evolution toward efficient transmission in human is progressing in Egypt. Understanding the present situation of influenza viruses in Egypt will help in the control of the disease and can potentially prevent a possible pandemic.;10.4161/21505594.2014.992662;0
20521643;Pfeiffer J;2010 Mar;Efficacy of commercial vaccines in protecting chickens and ducks against H5N1 highly pathogenic avian influenza viruses from Vietnam.;"Highly pathogenic (HP) H5N1 avian influenza (AI) viruses continue to circulate in Asia and have spread to other regions of the world. Though attempts at eradication of the viruses during various outbreaks have been successful for short periods of time, new strains of H5N1 viruses continue to emerge and have become endemic in parts of Asia and Africa. Vaccination has been employed in Vietnam as part of AI control programs. Domestic ducks, which make up a large part of poultry in Vietnam, have been recognized as one of the primary factors in the spread of AI in this country. As a result, ducks have been included in the vaccination programs. Despite the effort to control AI in Vietnam, eradication of the disease has not been possible, due in part to the emergence and spread of new viruses. Here, we tested the abilities of avian influenza oil emulsion vaccines of different genetic origins to protect against disease and viral shedding in both 2-wk-old white leghorn chickens and 1-wk-old Pekin ducks. Seventy-five to 100% of vaccinated chickens were protected from mortality, but viral shedding occurred for at least 4 days post challenge. All but one vaccinated duck were protected from mortality; however, all groups shed virus up through at least 5 days postchallenge, depending on the vaccine and challenge virus used. Differences in levels of hemagglutination inhibition (HI) antibody titers induced by the vaccines were observed in both chickens and ducks. Although the vaccines tested were effective in protecting against disease and mortality, updated and more efficacious vaccines are likely needed to maintain optimal protection.";10.1637/8715-031909-Reg.1;0
30151593;Imperiale MJ;2018;The Silver Lining in Gain-of-Function Experiments with Pathogens of Pandemic Potential.;"Half a decade after the contentious ""gain-of-function"" (GOF) debate of 2012 that followed experimentation showing that highly pathogenic avian influenza virus could become mammalian transmissible, it is possible to reflect on the arguments for and against this type of research. In this essay we argue that GOF-type experiments have already produced important information not available from any other source while also providing information on pathogenesis and the requirements for optimizing strains for vaccine production. We analyze the moral arguments against GOF and find them less compelling for a variety of reasons ranging from the uncertainty of risk-benefit analysis to the reduced likelihood of accidents given the enhanced biosafety and biosecurity protocols currently in place. In our view the most important consequence of the GOF debate is that it brought renewed attention to biosafety protocols and ushered innovation in answering the relevant biological questions with greater safety. We conclude that GOF experiments should go forward provided that necessary biosafety and biosecurity conditions are in place.";10.1007/978-1-4939-8678-1_28;0
39339917;Snoeck CJ;2024 Sep 10;Comparison of Extraction Methods for the Detection of Avian Influenza Virus RNA in Cattle Milk.;Since early 2024, a multistate outbreak of highly pathogenic avian influenza H5N1 has been affecting dairy cattle in the USA. The influenza viral RNA concentrations in milk make it an ideal matrix for surveillance purposes. However, viral RNA detection in multi-component fluids such as milk can be complex, and optimization of influenza detection methods is thus required. Raw bulk tank milk and mastitis milk samples were artificially contaminated with an avian influenza strain and subjected to five extraction methods. HCoV-229E and synthetic RNA were included as exogenous internal process controls. Given the high viral load usually observed in individual raw milk samples, four out of five tested methods would enable influenza detection in milk with normal texture, over a time window of at least 2 weeks post-onset of clinical signs. Nevertheless, sample dilution 1:3 in molecular transport medium prior to RNA extraction provided the best results for dilution of inhibitory substances and a good recovery rate of influenza RNA, that reached 12.5 ± 1.2% and 10.4 ± 3.8% in two independent experiments in bulk milk and 11.2 ± 3.6% and 10.0 ± 2.9% on two cohorts of mastitis milk samples. We have also shown compatibility of an influenza RT-qPCR system with synthetic RNA detection for simultaneous validation of the RNA extraction and RT-qPCR processes.;10.3390/v16091442;0
35682982;Duong BT;2022 Jun 4;Development of a Rapid Fluorescent Diagnostic System for Early Detection of the Highly Pathogenic Avian Influenza H5 Clade 2.3.4.4 Viruses in Chicken Stool.;Rapid diagnosis is essential for the control and prevention of H5 highly pathogenic avian influenza viruses (HPAIVs). However, highly sensitive and rapid diagnostic systems have shown limited performance due to specific antibody scarcity. In this study, two novel specific monoclonal antibodies (mAbs) for clade 2.3.4.4 H5Nx viruses were developed by using an immunogen from a reversed genetic influenza virus (RGV). These mAbs were combined with fluorescence europium nanoparticles and an optimized lysis buffer, which were further used for developing a fluorescent immunochromatographic rapid strip test (FICT) for early detection of H5Nx influenza viruses on chicken stool samples. The result indicates that the limit of detection (LoD) of the developed FICT was 40 HAU/mL for detection of HPAIV H5 clade 2.3.4.4b in spiked chicken stool samples, which corresponded to 4.78 × 10(4) RNA copies as obtained from real-time polymerase chain reaction (RT-PCR). An experimental challenge of chicken with H5N6 HPAIV is lethal for chicken three days post-infection (DPI). Interestingly, our FICT could detect H5N6 in stool samples at 2 DPI earlier, with 100% relative sensitivity in comparison with RT-PCR, and it showed 50% higher sensitivity than the traditional colloidal gold-based rapid diagnostic test using the same mAbs pair. In conclusion, our rapid diagnostic method can be utilized for the early detection of H5Nx 2.3.4.4 HPAIVs in avian fecal samples from poultry farms or for influenza surveillance in wild migratory birds.;10.3390/ijms23116301;0
22312990;Lee DH;2011 Dec;Antiviral efficacy of oseltamivir against avian influenza virus in avian species.;Avian influenza is one of the most contagious viral diseases in bird species and, increasingly, interspecies transmission to mammalian species has been reported. Prevention and eradication of avian influenza virus (AIV) infection in birds may require vaccines as part of a comprehensive program including biosecurity, culling, diagnostics, and surveillance. However, for valuable bird species in zoos, novel eradication strategies are needed, including antiviral treatments. The present study evaluated the anti-influenza efficacy of the potent neuraminidase inhibitor oseltamivir in avian species using the orders Galliformes (chickens) and Anseriformes (ducks). Viral replication of low pathogenic AIV was significantly reduced in the chicken model and completely reduced in the duck model. Anti-influenza drug administration to valuable bird species with an appropriate extrapolation approach could be useful for control of AIV in combination with active surveillance and vaccination strategies. Further, evaluation of oseltamivir against highly pathogenic avian influenza (HPAI) using avian models would be needed to optimize the oseltamivir application guideline for HPAI control.;10.1637/9725-031811-ResNote.1;0
21703008;Liu CG;2011 Jun 26;Evaluation of several adjuvants in avian influenza vaccine to chickens and ducks.;The effects of three different adjuvants, mineral oil, Montanide™ ISA 70M VG, and Montanide™ ISA 206 VG, were evaluated on reverse genetics H5N3 avian influenza virus cell cultured vaccine. The immune results of SPF chickens after challenging with highly pathogenic avian influenza (HPAI) virus demonstrated that mineral oil adjuvant group and 70M adjuvant group provided 100% protection efficiency, but 206 adjuvant group provided only 40%. Statistical analysis indicated that the protection effects of mineral oil adjuvant group and the 70M adjuvant showed no significant difference to each other, but with significant difference to 206 adjuvant group. All three groups could induce high titres of antibody after immunizing SPF ducks, but there was no significant difference among them. The immunization effect of 70M adjuvant group on SPF chickens were the best and showed significant difference compared with optimized 70Mi Montanide™ eight series adjuvants groups. These results suggest that 70M adjuvant could be a novel adjuvant for preparing avian influenza vaccine.;10.1186/1743-422X-8-321;0
22296731;Goutard FL;2012 Jul 1;Optimizing early detection of avian influenza H5N1 in backyard and free-range poultry production systems in Thailand.;For infectious diseases such as highly pathogenic avian influenza caused by the H5N1 virus (A/H5N1 HP), early warning system is essential. Evaluating the sensitivity of surveillance is a necessary step in ensuring an efficient and sustainable system. Stochastic scenario tree modeling was used here to assess the sensitivity of the A/H5N1 HP surveillance system in backyard and free-grazing duck farms in Thailand. The whole surveillance system for disease detection was modeled with all components and the sensitivity of each component and of the overall system was estimated. Scenarios were tested according to selection of high-risk areas, inclusion of components and sampling procedure, were tested. Nationwide passive surveillance (SSC1) and risk-based clinical X-ray (SSC2) showed a similar sensitivity level, with a median sensitivity ratio of 0.96 (95% CI 0.40-15.00). They both provide higher sensitivity than the X-ray laboratory component (SSC3). With the current surveillance design, the sensitivity of detection of the overall surveillance system when the three components are implemented, was equal to 100% for a farm level prevalence of 0.05% and 82% (95% CI 71-89%) for a level of infection of 3 farms. Findings from this study illustrate the usefulness of scenario-tree modeling to document freedom from diseases in developing countries.;10.1016/j.prevetmed.2011.12.020;1
38988336;Wilson J;2024 Jul;It's time to apply outbreak response best practices to avian influenza: A national call to action.;Cases of high pathogenicity avian influenza (HPAI) in Canada are upon us again and with reports of infection in US dairy cattle and a dairy farmer in the United States, concern has been raised. Although panic isn't helpful, this heightened level of concern is appropriate, given that reports of human infections with the H5N1 virus often indicate high mortality rates. These can range from 14 to 50%. The current devastating impact of the virus on the poultry industry, as well as its propensity to mutate are also reasons for concern. At the same time, HPAI provides an opportunity for the poultry and livestock industries to align and organize coherently for the management of all zoonotic diseases and other industry issues. To manage HPAI more effectively, it is essential to align all stakeholders under Outbreak Response Best Practices using a formal Quality Management System (QMS). The objective of this article is to describe this approach with examples drawn from management of the Walkerton waterborne disease crisis. We urge the veterinary profession to rise to the challenge of HPAI and use it as a context in which to align more coherently with national stakeholders for the prevention and management of all priority issues within the areas of Agri-food and Public Health.;;0
27009612;Wawegama NK;2016 Aug;Evaluation of a conserved HA274-288 epitope to detect antibodies to highly pathogenic avian influenza virus H5N1 in Indonesian commercial poultry.;A peptide enzyme linked immunosorbent assay (ELISA) based on an epitope in the haemagglutinin (HA) of avian influenza virus H5N1, amino acid positions 274-288 (HA274-288) was evaluated for detection of H5N1-specific antibodies. An optimized ELISA based on the tetrameric form of the HA274-288 epitope designated MP15 gave low background with non-immune chicken sera and detected vaccinated and infected birds. The HA274-288 epitope was highly conserved in Indonesian H5N1 strains and antibody responses were detected in the majority of the vaccinated chickens regardless of the H5N1 strain used for vaccination. The HA274-288 epitope was also conserved in the majority of H5N1 strains from the neighbouring Asian region, and other H5 subtypes potentially allowing for a wider use of the MP15 ELISA in H5N1 vaccinated and infected flocks. The MP15 ELISA results correlated significantly with haemagglutination inhibition (HI) test results and test sensitivity and specificity were 87% and 92%, respectively. The MP15 ELISA titres were significantly higher than the HI titres in all immune sera allowing for sera to be tested at a single dilution of 1:400 which is of advantage in routine surveillance. The study indicated that the MP15 ELISA is potentially useful for serological detection of H5N1 vaccinated or infected poultry and to have some advantages over the standard HI test for routine monitoring of flocks' immunity after vaccination.;10.1080/03079457.2016.1167276;0
18477540;Savill NJ;2008 Dec 6;Detection of mortality clusters associated with highly pathogenic avian influenza in poultry: a theoretical analysis.;Rapid detection of infectious disease outbreaks is often crucial for their effective control. One example is highly pathogenic avian influenza (HPAI) such as H5N1 in commercial poultry flocks. There are no quantitative data, however, on how quickly the effects of HPAI infection in poultry flocks can be detected. Here, we study, using an individual-based mathematical model, time to detection in chicken flocks. Detection is triggered when mortality, food or water intake or egg production in layers pass recommended thresholds suggested from the experience of past HPAI outbreaks. We suggest a new threshold for caged flocks--the cage mortality detection threshold--as a more sensitive threshold than current ones. Time to detection is shown to depend nonlinearly on R0 and is particularly sensitive for R0<10. It also depends logarithmically on flock size and number of birds per cage. We also examine how many false alarms occur in uninfected flocks when we vary detection thresholds owing to background mortality. The false alarm rate is shown to be sensitive to detection thresholds, dependent on flock size and background mortality and independent of the length of the production cycle. We suggest that current detection thresholds appear sufficient to rapidly detect the effects of a high R0 HPAI strain such as H7N7 over a wide range of flock sizes. Time to detection of the effects of a low R0 HPAI strain such as H5N1 can be significantly improved, particularly for large flocks, by lowering detection thresholds, and this can be accomplished without causing excessive false alarms in uninfected flocks. The results are discussed in terms of optimizing the design of disease surveillance programmes in general.;10.1098/rsif.2008.0133;1
24488190;Costard S;2014;Using risk assessment as part of a systems approach to the control and prevention of HPAIV H5N1.;Since its emergence in China in 1996, highly pathogenic avian influenza virus subtype H5N1 has spread across Asia, Africa, and Europe. Countries had to promptly implement control and prevention measures. Numerous research and capacity building initiatives were conducted in the affected regions to improve the capacity of national animal health services to support the development of risk-based mitigation strategies. This paper reviews and discusses risk assessments initiated in several South-East Asian and African countries under one of these projects. Despite important data gaps, the risk assessment results improved the ability of policy makers to design appropriate risk management policies. Disease risk was strongly influenced by various human behavioral factors. The ongoing circulation of HPAIV H5N1 in several Asian countries and in Egypt, despite major disease control efforts, supports the need for an interdisciplinary approach to development of tailored risk management policies, in accordance with the EcoHealth paradigm and the broad concept of risk governance. In particular, active stakeholders engagement and integration of economic and social studies into the policy making process are needed to optimize compliance and sustainable behavioral changes, thereby increasing the effectiveness of mitigation strategies.;10.1007/s10393-014-0907-1;0
24161559;Boni MF;2013 Dec;Economic epidemiology of avian influenza on smallholder poultry farms.;Highly pathogenic avian influenza (HPAI) is often controlled through culling of poultry. Compensating farmers for culled chickens or ducks facilitates effective culling and control of HPAI. However, ensuing price shifts can create incentives that alter the disease dynamics of HPAI. Farmers control certain aspects of the dynamics by setting a farm size, implementing infection control measures, and determining the age at which poultry are sent to market. Their decisions can be influenced by the market price of poultry which can, in turn, be set by policy makers during an HPAI outbreak. Here, we integrate these economic considerations into an epidemiological model in which epidemiological parameters are determined by an outside agent (the farmer) to maximize profit from poultry sales. Our model exhibits a diversity of behaviors which are sensitive to (i) the ability to identify infected poultry, (ii) the average price of infected poultry, (iii) the basic reproductive number of avian influenza, (iv) the effect of culling on the market price of poultry, (v) the effect of market price on farm size, and (vi) the effect of poultry density on disease transmission. We find that under certain market and epidemiological conditions, culling can increase farm size and the total number of HPAI infections. Our model helps to inform the optimization of public health outcomes that best weigh the balance between public health risk and beneficial economic outcomes for farmers.;10.1016/j.tpb.2013.10.001;1
30194915;Sun X;2018 Dec;Social network analysis for poultry HPAI transmission.;In this survey study, the networks among poultry farms and related poultry enterprises in two counties in China (Feixi County in Anhui Province and Beizhen city in Liaoning Province) were analysed and evaluated focusing on the connectivity of contacts, movements, and potential pathogen transmission. The Feixi County poultry production network exhibited greater connectivity, which incorporated approximately 94% of the farms interviewed in a major component (a set of connected farms not linked with each other), mainly due to linkages of backyard farms through local produce stores and individual agents, whilst the Beizhen City network was more fragmented owing to independent in-house operations (from breed, raise, to slaughter and process) of a few large companies, with multiple smaller components. A range of factors influencing the contacts/movements among farms (act as bridges) were identified in this study. Ability to predict the pathway with the network characteristics on the basis of the factors, such as entity type and geographic location, is useful for developing risk-based approaches for disease prevention, surveillance, early detection, and effective controlling.;10.1111/tbed.12972;0
39772734;Lambert S;2025 Jan;Optimizing contact tracing for avian influenza in poultry flocks.;Contact tracing is commonly used to manage infectious diseases of both humans and animals. It aims to detect early and control potentially infected individuals or farms that had contact with infectious cases. Because it is very resource-intensive, contact tracing is usually performed on a pre-defined time window, based on previous knowledge of the duration of the incubation period. However, pre-defined time windows may not be always relevant, reducing the efficiency of contact tracing. In this study, we estimated the day when farms were first infected with highly pathogenic avian influenza viruses, a devastating pathogen causing severe socio-economic damage in domestic poultry. The estimation was performed by fitting a stochastic mechanistic model to observed daily mortality data from 63 infected poultry farms in France and The Netherlands, using approximate Bayesian computation. Independent of the poultry species or country, the estimates of the time of first infection ranged between 3.4 (95% credible interval-CrI: 2.6, 4.6) and 19.9 (95% CrI: 11.9, 31.3) days prior to the last observation. We developed an online application to provide real-time support to policymakers by estimating realistic ranges of dates of first infection to inform contact tracing and improve its efficiency.;10.1098/rsif.2024.0523;0
22305878;Willeberg P;2012 Aug 1;Animal health surveillance applications: The interaction of science and management.;"Animal health surveillance is an ever-evolving activity, since health- and risk-related policy and management decisions need to be backed by the best available scientific evidence and methodology. International organizations, trade partners, politicians, media and the public expect fast, understandable, up-to-date presentation and valid interpretation of animal disease data to support and document proper animal health management - in crises as well as in routine control applications. The delivery and application of surveillance information need to be further developed and optimized, and epidemiologists, risk managers, administrators and policy makers need to work together in order to secure progress. Promising new developments in areas such as risk-based surveillance, spatial presentation and analysis, and genomic epidemiology will be mentioned. Limitations and areas in need of further progress will be underlined, such as the general lack of a wide and open exchange of international animal disease surveillance data. During my more than 30 year career as a professor of Veterinary Epidemiology I had the good fortune of working in challenging environments with different eminent colleagues in different countries on a variety of animal health surveillance issues. My career change from professor to Chief Veterinary Officer (CVO) - ""from science to application"" - was caused by my desire to see for myself if and how well epidemiology would actually work to solve real-life problems as I had been telling my students for years that it would. Fortunately it worked for me! The job of a CVO is not that different from that of a professor of Veterinary Epidemiology; the underlying professional principles are the same. Every day I had to work from science, and base decisions and discussions on documented evidence - although sometimes the evidence was incomplete or data were simply lacking. A basic understanding of surveillance methodology is very useful for a CVO, since it provides a sound working platform not only for dealing with immediate questions when new or emerging disease situations arise, but also for more long-term activities, such as policy development, contingency planning and trade negotiations. Animal health issues, which emerged during my eight years as a CVO in Denmark from 1999 to 2007, will be used as examples, including BSE, FMD, HPAI and Trichinella testing. Emphasis will be placed on how science-based surveillance methodology and tools were developed, applied and documented.";10.1016/j.prevetmed.2012.01.010;0
21192824;He F;2010 Dec 30;Complementary monoclonal antibody-based dot ELISA for universal detection of H5 avian influenza virus.;BACKGROUND: Rapid diagnosis and surveillance for H5 subtype viruses are critical for the control of H5N1 infection. RESULTS: In this study, H5 Dot ELISA, a rapid test for the detection of avian H5N1 influenza virus, was developed with two complementary H5 monoclonal antibodies. HA sequencing of escape mutants followed by epitope mapping revealed that the two Mabs target the epitope component (189th amino acid) on the HA protein but are specific for different amino acids (189Lys or 189Arg). Gene alignment indicated that these two amino acids are the most frequent types on this position among all of the H5 AIV reported in GeneBank. These two H5 Mabs were used together in a dot ELISA to detect H5 viral antigen. The detection limit of the developed test for multiple clades of H5N1 viruses, including clades 0, 1, 2.1, 2.2, 2.3, 4, 7, and 8, was less than 0.5 hemagglutinin units. The specificity of the optimized dot ELISA was examined by using 100 H5 strains, including H5N1 HPAI strains from multiple clades, 36 non-H5N1 viruses, and 4 influenza B viruses. No cross-reactivity was observed for any of the non-H5N1 viruses tested. Among 200 random poultry samples, the test gave 100% positive results for all of the twelve RT-PCR-positive samples. CONCLUSIONS: Considering that the test is convenient for field use, this H5 Dot ELISA can be used for on-site detection of H5N1 infection in clinical or environmental specimens and facilitate the investigation of H5N1 influenza outbreaks and surveillance in poultry.;10.1186/1471-2180-10-330;0
19178968;Bos ME;2009 Apr 1;Back-calculation method shows that within-flock transmission of highly pathogenic avian influenza (H7N7) virus in the Netherlands is not influenced by housing risk factors.;To optimize control of an avian influenza outbreak knowledge of within-flock transmission is needed. This study used field data to estimate the transmission rate parameter (beta) and the influence of risk factors on within-flock transmission of highly pathogenic avian influenza (HPAI) H7N7 virus in the 2003 epidemic in The Netherlands. The estimation is based on back-calculation of daily mortality data to fit a susceptible-infectious-dead format, and these data were analysed with a generalized linear model. This back-calculation method took into account the uncertainty of the length of the latent period, the survival of an infection by some birds and the influence of farm characteristics. After analysing the fit of the different databases created by back-calculation, it could be concluded that an absence of the latency period provided the best fit. The transmission rate parameter (beta) from these field data was estimated at 4.50 per infectious chicken per day (95% CI: 2.68-7.57), which was lower than what was reported from experimental data. In contrast to general belief, none of the studied risk factors (housing system, flock size, species, age of the birds in weeks and date of depopulation) had significant influence on the estimated beta.;10.1016/j.prevetmed.2008.12.003;0
22448011;Giles BM;2012 May 15;A computationally optimized hemagglutinin virus-like particle vaccine elicits broadly reactive antibodies that protect nonhuman primates from H5N1 infection.;BACKGROUND: Highly pathogenic H5N1 avian influenza viruses continue to spread via waterfowl, causing lethal infections in humans. Vaccines can prevent the morbidity and mortality associated with pandemic influenza isolates. Predicting the specific isolate that may emerge from the 10 different H5N1 clades is a tremendous challenge for vaccine design. METHODS: In this study, we generated a synthetic hemagglutinin (HA) on the basis of a new method, computationally optimized broadly reactive antigen (COBRA), which uses worldwide sequencing and surveillance efforts that are specifically focused on sequences from H5N1 clade 2 human isolates. RESULTS: Cynomolgus macaques vaccinated with COBRA clade 2 HA H5N1 virus-like particles (VLPs) had hemagglutination-inhibition antibody titers that recognized a broader number of representative isolates from divergent clades as compared to nonhuman primates vaccinated with clade 2.2 HA VLPs. Furthermore, all vaccinated animals were protected from A/Whooper Swan/Mongolia/244/2005 (WS/05) clade 2.2 challenge, with no virus detected in the nasal or tracheal washes. However, COBRA VLP-vaccinated nonhuman primates had reduced lung inflammation and pathologic effects as compared to those that received WS/05 VLP vaccines. CONCLUSIONS: The COBRA clade 2 HA H5N1 VLP elicits broad humoral immunity against multiple H5N1 isolates from different clades. In addition, the COBRA VLP vaccine is more effective than a homologous vaccine against a highly pathogenic avian influenza virus challenge.;10.1093/infdis/jis232;0
40302921;Goraichuk IV;2025;Custom barcoded primers for influenza A nanopore sequencing: enhanced performance with reduced preparation time.;Highly pathogenic avian influenza is endemic and widespread in wild birds and is causing major outbreaks in poultry worldwide and in U.S. dairy cows, with several recent human cases, highlighting the need for reliable and rapid sequencing to track mutations that may facilitate viral replication in different hosts. SNP analysis is a useful molecular epidemiology tool to track outbreaks, but it requires accurate whole-genome sequencing (WGS) with sufficient read depth across all eight segments. In outbreak situations, where timely data is critical for controlling the spread of the virus, reducing sequencing preparation time while maintaining high-quality standards is particularly important. In this study, we optimized a custom barcoded primer strategy for influenza A whole-genome sequencing on the nanopore sequencing platform, combining the high performance of the Native Barcoding Kit with the prompt preparation time of the Rapid Barcoding Kit. Custom barcoded primers were designed to perform barcode attachment during RT-PCR amplification, eliminating the need for separate barcoding and clean-up steps, thus reducing library preparation time. We compared the performance of the custom barcoded primer method with the Native and Rapid barcoding kits in terms of read quality, read depth, and sequencing output. The results show that the custom barcoded primers provided performance comparable to the Native Barcoding Kit while reducing library preparation time by 2.3X compared to the Native kit and being only 15 minutes longer than the Rapid kit with better depth of sequencing. Additionally, the custom barcoded primer method was evaluated on a variety of clinical sample types. This approach offers a promising solution for influenza A sequencing, providing both high throughput and time efficiency, which significantly improves the time-to-result turnaround, making sequencing more accessible for real-time surveillance.;10.3389/fcimb.2025.1545032;0
20718844;McCarthy MA;2010 Oct;Resource allocation for efficient environmental management.;"Environmental managers must decide how to invest available resources. Researchers have previously determined how to allocate conservation resources among regions, design nature reserves, allocate funding to species conservation programs, design biodiversity surveys and monitoring programs, manage species and invest in greenhouse gas mitigation schemes. However, these issues have not been addressed with a unified theory. Furthermore, uncertainty is prevalent in environmental management, and needs to be considered to manage risks. We present a theory for optimal environmental management, synthesizing previous approaches to the topic and incorporating uncertainty. We show that the theory solves a diverse range of important problems of resource allocation, including distributing conservation resources among the world's biodiversity hotspots; surveillance to detect the highly pathogenic avian influenza H5N1 virus in Thailand; and choosing survey methods for the insect order Hemiptera. Environmental management decisions are similar to decisions about financial investments, with trade-offs between risk and reward.";10.1111/j.1461-0248.2010.01522.x;0
31806571;Zhou Y;2020 Jan;Long-lasting protective immunity against H7N9 infection is induced by intramuscular or CpG-adjuvanted intranasal immunization with the split H7N9 vaccine.;There is an urgent need for efficient vaccines against the highly pathogenic avian influenza A viral strain H7N9. The duration and intensity of the immune response to H7N9 critically impacts the epidemiology of influenza viral infection at the population level. However, the insufficient immunogenicity of H7N9 raises concerns about vaccine efficacy. In this study, we evaluated the impact of immunization routes and the adjuvant CpG on the immune response to a split H7N9 vaccine in mice. Determination of humoral and cellular responses to the vaccine revealed that after four vaccine doses, high titers of H7N9-specific serum IgG, determined by the influenza hemagglutination inhibition (HI) assay, were induced through the intramuscular (i.m.) route and lasted for at least 40 weeks. CpG-adjuvanted immunization increased the levels of long-lived IFN-γ(+) T cells and raised the Th1-biased IgG2a/IgG1 response ratio. In addition, aside from mucosal IgA, CpG-adjuvanted intranasal (i.n.) immunization elicited serum IgG and cellular responses of a similar duration and intensity to CpG-adjuvanted i.m. immunization. Mouse challenge assays demonstrated that 24 weeks following i.m. immunization without CpG or CpG-adjuvanted immunization through the i.m. or i.n. routes, both offered a high level of protection against H7N9 infection. These results indicate that efficient long-term protection against H7N9 can be achieved via the optimization of vaccination strategies, such as immunization doses, routes, and adjuvants.;10.1016/j.intimp.2019.106013;0
